{"1": [[0, 0], [7, 0], [9, 3], [9, 8], [6, 11], [-2, 10], [-3, 6]], "2": [[0, 0], [7, 0], [7, 6], [0, 6]], "3": [[0, 0], [7, 0], [10, 3], [10, 11], [0, 6]], "4": [[0, 0], [7, 0], [7, 7], [5, 9], [2, 9], [0, 7]], "5": [[0, 0], [3, 0], [3, 3], [0, 3]], "6": [[0, 0], [1, -2], [3, -4], [5, -4], [6, 0], [5, 4], [3, 4], [1, 2]], "7": [[0, 0], [9, 0], [9, 5], [3, 6], [0, 3]], "8": [[0, 0], [10, 0], [11, 10], [6, 15], [0, 14], [-3, 3]], "9": [[0, 0], [5, 0], [5, 11], [4, 11], [0, 4]], "10": [[0, 0], [3, -3], [6, -4], [9, -1], [6, 5], [0, 5]]}